,image nr,Description
0,1,Oranges
1,2,Apples
2,3,Apple + parts
3,4,Appleparts
5,6,Crostini
6,7,Liquorice
7,8,Fishburger
8,9,Greek salad
9,10,Kiwis  
10,11,Kiwis + parts
11,12,Ricewaffle
12,13,Salad
13,14,Cheese rolls
14,15,KitKat
15,16,Hazelnuts
16,17,Omelet on bread
17,18,Onions
18,19,Onion + parts
19,20,Salad on blue plate
20,21,Stroopwafels (syrup waffles)
21,22,Azukibeans (red beans)
22,23,Almonds
23,24,Berlinerbol (doughnut)  strawberry
24,25,Blueberries
25,26,Carrot
26,27,"Carrot, cut"
27,28,"Carrot, parts"
28,29,Cashew nuts
29,30,"Chips, Doritos"
30,31,"Chips, Lays natural"
31,32,Chocolate doughnut
32,33,"Cucumbers, halfs"
33,34,"Cucumber, halfs overlay"
34,35,"Cucumber, halfs overlay, washed"
35,36,Cucumberhalf + parts
36,37,Eggs on bread
37,38,Raspberries
38,39,Raspberries + blueberries
39,40,Frikandel
40,41,Frikandel parts
41,42,Mixed nuts
42,43,Orange cut
43,44,Pineapple slices
44,45,Pineapple parts
45,46,Pink cookies 
46,47,"Pink cookies, overlay"
47,48,Pistache nuts
48,49,Sandwiches
49,50,"Sandwiches, overlay"
50,51,Sausage roll
51,52,"Sausage roll, overlay"
52,53,Tomato + parts
53,54,Tomatoes
54,55,Tomatoes + cucumber parts
55,56,Waffles
56,57,Walnuts
57,58,White grapes
58,59,"White grapes, washed"
59,60,Pancake with bacon 
60,61,Picanto (spicy mincemeat snack)
61,62,"Picanto, overlay"
62,63,Mushrooms
63,64,"Mushrooms, washed"
64,65,Mushrooms + parts
65,66,Bananas
66,67,Banana + parts
67,68,Banana peeled + parts
68,69,Melon
69,70,Melon + parts
70,71,Pears
72,73,Pearparts
73,74,Mixed potatoes
74,75,Potatoes
75,76,Boiled potatoes
76,77,Potatoes + boiled
77,78,Salad salmon
78,79,Salad Japanese
79,80,Green olives
80,81,Black and green olives
81,82,Mixed olives and feta
82,83,Applepie
83,84,"Applepie, parts"
84,85,Tiramisu
85,86,"Greek salad, molded"
86,87,"Salad, molded"
88,89,"Appleparts, molded"
89,90,"Banana + parts, molded"
90,91,Eggs 
91,92,Eggs + peeled and cooked
92,93,Eggs + peeled parts
93,94,Sandwich grilled salmon
94,95,Sandwich grilled salmon overlay
95,96,Fish haring
96,97,Fish haring and onions
97,98,Croquette
98,99,"Croquette,  cut"
99,100,Peanuts
100,101,Crackers
101,102,Cereal
104,105,Hotchpot
114,115,Viandel (spicy mincemeat snack)
115,116,"Viandel, overlay"
116,117,Turkish pizza
117,118,Turkish pizza overlay
118,119,"Marrowbone cake, overlay"
119,120,Puff cake
120,121,Puff cake + marrowbone cake
123,124,Spicy chicken wrap
124,125,Fried cod bits
125,126,Fried cod bits with sauce
126,127,Kroepoek (prawn chips)
127,128,M&M's chocolate
128,129,Bananachips
129,130,Eggcookies
130,131,Eggcookies piled
131,132,Wilhelmina peppermints
132,133,Tuc bell pepper
133,134,Salami sausage 
134,135,"Salami sausage, cut"
135,136,Salami sausage parts
136,137,Tiny salami sausages
137,138,"Tiny salami sausages, overlay"
138,139,Mixed salami sausages
139,140,Mixed cheese
140,141,"Mixed cheese, different order"
141,142,Little sweets 
142,143,"Little sweets, different order"
143,144,Cherry sweet cakes
144,145,Mixed sweets
145,146,Strawberry
146,147,"Strawberry, cut"
147,148,Red bell pepper
148,149,Yellow bell pepper
149,150,Green bell pepper
150,151,Mixed bell peppers
151,152,Pear parts
152,153,seaweed salad
153,154,Salmon salad
154,155,Oreo
155,156,White chocolate oreo
156,157,Mixed oreo's
157,158,wholemeal biscuits
158,159,Eggcookie
159,160,Pear
160,161,Bell pepper yellow
161,162,Mixed bellpepper parts
162,163,Mozzerella
163,164,"Caprese, mozzerella and tomatoes"
164,165,Pudding vanille + strawberrie sauce
167,168,Omelet on bread 
168,169,Raw chicken
170,171,Pizza with cauliflower
171,172,Tosti with cheese
172,173,Pizza parts
173,174,Pizza
174,175,Carpaccio 
175,176,Bread with sausage
176,177,"Bread with sausage, overlay"
177,178,Meatball
178,179,"Meatball, bitten"
179,180,Sauerkraut
180,181,Sauerkraut with meatball
181,182,"Sauerkraut with meatball, different angle"
182,183,Apple
183,184,Strawberries
185,186,Watermelon
186,187,Watermelon parts
187,188,Watermelon slices
214,215,Shoarma roll
237,238,Nespresso coffee cups
238,239,Teabags
239,240,Cream-cake
240,241,Carrero vertical
241,242,Carrero horizontal
242,243,Chocolate muffin
243,244,Chocolate + apple muffin
244,245,"Tompouces, random arrangement"
245,246,"Tompouces, row arrangement"
246,247,"Croquettes, row arrangement"
247,248,"Croquettes, random arrangement"
248,249,"Croquettes, cut"
249,250,Asparagus burger
250,251,Vegetable quiche
251,252,Vegetable quiche cut
288,289,French fries
289,290,French fries + mayonaise
290,291,Hamburger
291,292,Cheeseburger
292,293,Chicken nuggets
293,294,Chicken wrap
294,295,Cajun corn
295,296,Cajun corn cut
296,297,White tosti bread
297,298,White bread
298,299,Brown bread
299,300,"Croissants, aligned"
300,301,"Croissants, random"
301,302,French bread
302,303,"French bread, cut"
303,304,Gingerbread 
304,305,"Gingerbread, cut"
305,306,Gingerbread with butter
306,307,Green beans
307,308,Cheese
308,309,"Meats,  arranged"
309,310,"Meats, random"
310,311,Pulled pork wrap
311,312,Creme ice cream
312,313,Rocket ice cream
313,314,Mixed ice cream
314,315,Hotdog 
315,316,Hotdog with sauce
320,321,Bami disk snack
321,322,"Bami disk snack, cut"
322,323,Peppers
323,324,Color mix tomatoes
324,325,Chocolate bonbons
325,326,Chocolate bar
326,327,Chocolate pieces
327,328,Chocolate chip cookies
328,329,Coffee beans
329,330,Taugé (Chinese sprouts)
330,331,Fruit mix
331,332,Grilled vegetables mix
332,333,Chicken
333,334,Cheese souffle
334,335,sausage bread
335,336,Popcorn
336,337,Fried fish
337,338,Fried fish + sauce
338,339,Tomato soup with chorizo
339,340,Molded potatoes
342,343,Yellow curry soup
343,344,Onion soup
344,345,Asparagus soup
345,346,Fish soup
346,347,Risotto with shrimps
347,348,Risotto 
348,349,Mashed potatoes with vegetables
349,350,Mashed potatoes with vegetables and bacon
350,351,Mixed fruit
351,352,Mashed potatoes with carrot
352,353,Mashed potatoes with carrot and meatball
353,354,Chili con carne
354,355,Potato gratin
355,356,Noodles
357,358,Roasted mochi pieces
359,360,Jelly cake
360,361,Candied sweet potato  (spreaded)
361,362,Candied sweet potato (gathered)
362,363,Sakura shrinp
363,364,Thick omelet
366,367,Sweet boiled beans
368,369,Kinpira burdock
370,371,Simmered hijiki
372,373,Thick-rolled sushi
375,376,Small castella
376,377,Octopus dumplings
378,379,Octopus dumplings with Mayonnaise
379,380,Roll cake
381,382,Salted plum
383,384,Pickles (gathered)
384,385,Pickles (spreaded)
385,386,Grilled mackerel
387,388,Grilled salmon
390,391,Deep fried shrimp
392,393,Tempura Assorted
393,394,Boiled pumpkin (gathered)
394,395,Boiled pumpkin (spreaded)
395,396,Steamed rice with wild vegetables(gathered)
396,397,Steamed rice with wild vegetables (spreaded)
397,398,Pickled eggplant (gathered)
398,399,Pickled eggplant (spreaded)
399,400,Kimchi (gathered)
400,401,Kimchi (spreaded)
401,402,steamed egg custard (egg tofu)
403,404,summer roll ( spring roll)
406,407,Buckwheat noodles
407,408,Buckwheat noodles with tempura batter
408,409,Deep-fried squid (gathered)
409,410,Deep-fried squid (spreaded)
410,411,Sushi-1
411,412,Sushi-2
412,413,Sushi-3
413,414,Boiled wipe and Bamboo shoot (gathered)
415,416,Boiled wipe and Bamboo shoot (spreaded)
416,417,Bean paste rice cake wrapped in an oak leaf
417,418,"Bean paste rice cake wrapped in an oak leaf, cut"
419,420,Bean paste rice cake wrapped in a cherry leaf
420,421,"Bean paste rice cake wrapped in a cherry leaf, cut"
421,422,Chilled Chinese noodles
423,424,Rice ball
426,427,"Rice ball, cut"
427,428,Melon-flavored bun
429,430,Deep-fried curry bread (ellipse) 
430,431,Deep-fried curry bread (circle) 
431,432,Deep-fried curry bread (ellipse and circle) 
432,433,"Deep-fried curry bread, cut"
433,434,"Deep-fried curry bread, cut "
434,435,"Pickled dish (seaweed, cucumber and octopus)"
435,436,Meat and potato stew
436,437,Bibimbap bowl
438,439,Skewered rice dumplings in a sweet soy glaze
443,444,Japanese style skewered chicken (chicken meatloaf made with egg)
444,445,Japanese style skewered chicken (Thigh and Green onion)
447,448,Japanese style skewered chicken (Assorted)
448,449,Chinese cabbage pickles
449,450,Yellow pickled radish
450,451,"Yellow pickled radish, gathered"
451,452,"Yellow pickled radish, spreaded"
452,453,"Simmered bamboo shoots with dried bonito flake, spreaded"
453,454,"Simmered bamboo shoots with dried bonito flake, gathered"
454,455,Simmered bamboo shoots with dried bonito flake 
455,456,"Simmered bamboo shoots with dried bonito flake, gathered in cup"
456,457,Steamed meat bun
458,459,"Steamed meat bun, cut"
460,461,Young sand lance and Walnut boiled down in soy
461,462,"Young sand lance and Walnut boiled down in soy, spreaded"
462,463,Rice cracker
465,466,Boiled fish paste
466,467,"Boiled fish paste, cut"
468,469,Crab stick
471,472,Spicy cod roe
473,474,"Spicy cod roe, cut and gathered"
474,475,"Spicy cod roe, cut and spreaded"
475,476,Japanese hodgepodge (oden)
478,479,Fermented soybeans
479,480,Fermented soybeans (stringy)
480,481,Raw sliced fish assorted
481,482,Raw sliced salmon
482,483,Raw sliced red sea bream
483,484,Raw northern shrimp
484,485,Raw sliced tuna
485,486,Raw sliced squid
486,487,stir-fried noodles
487,488,Fried prawns
489,490,Deep-fried horse mackerel
491,492,Pork cutlet
494,495,Bean-jam pancake
496,497,Sweet bean jelly
499,500,Vinegared mozuku seaweed 
500,501,Gelidium jelly
501,502,Japanese wheat noodle (Udon)
505,506,Dried horse mackerel
506,507,Dried horse mackerel (skin)
507,508,Capelin
509,510,Simmered mackerel with miso (skin)
510,511,Simmered mackerel with miso (flesh)
511,512,"Simmered mackerel with miso, cut"
512,513,"Dried bonito flake, gathered"
513,514,"Dried bonito flake, spreaded"
514,515,Miso soup
515,516,Bean‐curd cake
516,517,Chilled tofu topped with dried bonito flakes
517,518,Pot stickers
519,520,Deep-fried tofu with simple dashi-based sauce
522,523,Ramen noodles in soy-sauce flavored soup
523,524,Fried vegetables
524,525,Rice
525,526,beef bowl
526,527,Curry and rice
527,528,Toasted laver
530,531,Starchy sauce rice bowl
532,533,Ramen noodles in pork broth
533,534,Shredded and dried squid
534,535,Pacific saury prepared by spitchcocking
535,536,Pacific saury prepared by spitchcocking (skin)
539,540,Rice ball coated with sweetened red beans
540,541,"Rice ball coated with sweetened red beans, cut"
541,542,Hamukatsu (fried cake of layered slices of ham) dog
542,543,"Hamukatsu (fried cake of layered slices of ham) dog, cut"
543,544,Yakisoba dog
544,545,"Yakisoba dog, cut"
545,546,Japanese style pan fried noodle
546,547,Japanese rice cake wrapped with dried seaweed laver
548,549,Puffed cereal
549,550,Bean curd Szechwan style
551,552,"Deep-fried chicken, gathered"
552,553,"Deep-fried chicken, spreaded"
553,554,Grilled rice balls
557,558,"Grilled rice balls, cut"
558,559,Chicken rice
560,561,Rice dish cooked with chicken and burdock
561,562,"Rice dish cooked with chiken and burdock, spreaded"
562,563,"Rice burger, cut"
564,565,"Breadfruit, whole"
565,566,"Breadfruit, half"
566,567,"Breadfruit, two parts"
567,568,"Breadfruit, small parts"
568,569,"Carambola, whole"
569,570,"Carambola, two parts"
570,571,"Carambola, small parts"
572,573,"Cherimoya, whole"
573,574,"Cherimoya, two parts"
574,575,"Cherimoya, small parts"
575,576,"Cocoapod, whole"
576,577,"Cocoapod, whole and cut"
577,578,"Cocoapod, two parts"
578,579,"Curuba, whole"
579,580,"Curuba, cut"
580,581,"Feijoa, whole"
581,582,"Feijoa, whole and parts"
583,584,"Grenadilla, whole"
584,585,"Grenadilla, parts"
585,586,"Grenadilla, cut"
587,588,"Kiwano, whole"
588,589,"Kiwano, parts"
591,592,"Lucuma, whole"
592,593,"Lucuma, parts"
593,594,"Naranjilla, whole"
594,595,"Naranjilla, whole and parts"
595,596,"Pepino, whole"
596,597,"Pepino, two parts"
597,598,"Pepino, parts and slices"
598,599,"Pitahaya_purple, whole"
599,600,"Pitahaya_purple, two parts"
600,601,"Pitahaya_purple, parts and slices"
602,603,"Pitahaya_yellow, whole"
603,604,"Pitahaya_yellow, two parts"
604,605,"Pitahaya_yellow, parts and slices"
606,607,"Rambutan, whole"
607,608,"Rambutan, whole and cut"
608,609,"Rambutan, cut and peeled"
609,610,"Salak, whole"
610,611,"Salak, whole and peeled"
612,613,"Sopropo, two parts"
613,614,"Sopropo, parts and slices"
614,615,"Sopropo, slices"
615,616,"Tamarillo, whole"
616,617,"Tamarillo, whole and parts"
617,618,"Tamarind, whole"
619,620,"Tamarind, whole and cut"
620,621,"Tamarind_sweet, whole"
622,623,"Tamarind_sweet, whole and peeled"
623,624,"Tamarind_sweet, peeled"
624,625,"Tomatillo, whole"
626,627,"Tomatillo, whole and parts"
627,628,Asian pear (Whole)
628,629,Asian pear (Cut)
629,630,Persimmon (Whole)
631,632,Persimmon (Half Cut)
632,633,Persimmon (Without peel)
633,634,Roasted sweet potato
635,636,Oatmeal
636,637,Oatmeal (With Jam)
637,638,Polenta
640,641,Dried persimmon
641,642,Tamarind
643,644,Star anise 
645,646,Longan 
647,648,Seeds of watermelon (soy sause flavored)
649,650,Candied tamarind
651,652,Date palm
652,653,Flavored gluten meat
654,655,Century egg
658,659,Caper
660,661,Chicken feet
661,662,Chocolate
663,664,Burrito
666,667,Chicken Enchiladas
667,668,Quinoa Salad
668,669,Pomegranate
672,673,Chicory
675,676,Kohlrabi
678,679,Indian potato snack (ALOO BHUJIA )
680,681,Tarallini
681,682,Sugar Coating Fennel
682,683,Breadstick
683,684,Pumpernickel
685,686,Green Bean Porridge
687,688,Pickled Artichoke
689,690,Eggplant in oil
691,692,Chickpeas
692,693,Chinese style pickles Seaweed
693,694,Bean Porridge
694,695,Boiled Beats
696,697,Borscht
697,698,Pork with Beans
698,699,Tortilla
699,700,Tortilla wrap
701,702,Szechuan pickles
703,704,Okura curry
704,705,Popeye and Cheese curry
705,706,Yogurt curry
706,707,Gnocchi
708,709,Frozen croquette (Japanese style)
710,711,Locust boiled down in soy
711,712,Onion
712,713,Potato
714,715,Vegetable set
715,716,Pumpkin
718,719,Red pepper
721,722,Dried shiitake mushrooms
724,725,Dried daikon strips radish
725,726,Buckwheat  Noodles
726,727,Soluble Coffee
728,729,Green tea leaves
730,731,Curry roux
733,734,Icecream
736,737,Instant Ramen Noodles
737,738,Horse mackerel
738,739,Mozzarella cheese and Tomato sauce Gnocchi
739,740,Boiled cream of leek
740,741,Cereal Galette and Whole wheat pasta
741,742,Tom yam kung
742,743,Unsweet pound cake（Salmon)
744,745,Hachis Parmentier 
746,747,Cod Fritters
827,828,bundt cake
828,829,oliebol (Dutch donut)
829,830,oliebollen (Dutch donuts) 3
830,831,oliebollen (Dutch donuts) 5
831,832,oliebol (Dutch donut) with powder sugar
832,833,oliebollen (Dutch donuts) 3 with powder sugar
833,834,oliebollen (Dutch donuts) 5 with powder sugar
834,835,pepernoten (gingernuts) - small portion
835,836,pepernoten (gingernuts) - medium portion
836,837,pepernoten (gingernuts) - large portion
837,838,candied orange parts
838,839,candied lemon parts
839,840,candied orange and lemon parts
